{"cameraMode":{"drawMode":0,"name":"Shaded","section":"Shading Mode"},"sceneLighting":true,"audioPlay":false,"sceneViewState":{"m_AlwaysRefresh":false,"showFog":true,"showSkybox":true,"showFlares":true,"showImageEffects":true,"showParticleSystems":true,"showVisualEffectGraphs":true,"m_FxEnabled":true},"in2DMode":false,"pivot":{"x":1.1930391788482667,"y":0.9153103828430176,"z":13.922420501708985},"rotation":{"x":0.16455256938934327,"y":-0.4376043975353241,"z":0.08180312812328339,"w":0.8802075982093811},"size":1.1847565174102784,"orthographic":false}