{"cameraMode":{"drawMode":0,"name":"Shaded","section":"Shading Mode"},"sceneLighting":true,"audioPlay":false,"sceneViewState":{"m_AlwaysRefresh":false,"showFog":true,"showSkybox":true,"showFlares":true,"showImageEffects":true,"showParticleSystems":true,"showVisualEffectGraphs":true,"m_FxEnabled":true},"in2DMode":false,"pivot":{"x":0.049462318420410159,"y":2.0001277923583986,"z":-8.639098167419434},"rotation":{"x":-0.05264654383063316,"y":0.9471423029899597,"z":-0.23389022052288056,"w":-0.21319220960140229},"size":6.967066764831543,"orthographic":false}