{"cameraMode":{"drawMode":0,"name":"Shaded","section":"Shading Mode"},"sceneLighting":true,"audioPlay":false,"sceneViewState":{"m_AlwaysRefresh":false,"showFog":true,"showSkybox":true,"showFlares":true,"showImageEffects":true,"showParticleSystems":true,"showVisualEffectGraphs":true,"m_FxEnabled":true},"in2DMode":false,"pivot":{"x":-4.5630645751953129,"y":3.9728426933288576,"z":21.264827728271486},"rotation":{"x":0.0733245313167572,"y":0.8664349913597107,"z":-0.1336057186126709,"w":0.4754740297794342},"size":0.6087616682052612,"orthographic":false}