{"cameraMode":{"drawMode":0,"name":"Shaded","section":"Shading Mode"},"sceneLighting":false,"audioPlay":false,"sceneViewState":{"m_AlwaysRefresh":false,"showFog":true,"showSkybox":false,"showFlares":true,"showImageEffects":true,"showParticleSystems":true,"showVisualEffectGraphs":true,"m_FxEnabled":true},"in2DMode":false,"pivot":{"x":0.29769331216812136,"y":0.5017287731170654,"z":18.716394424438478},"rotation":{"x":0.15418080985546113,"y":-0.8316081166267395,"z":0.2837405204772949,"w":0.4518689215183258},"size":0.42990434169769289,"orthographic":false}